{
    "MSE": 0.29539120448792794,
    "MAE": 0.3570287720826218,
    "R2": 0.9969372425165706,
    "MAPE": 0.4942815977999209
}