{
    "MSE": 6.317130263039806,
    "MAE": 2.016268453935458,
    "R2": 0.9458005857585082,
    "MAPE": 1.3897316287012786
}