{
    "MSE": 0.009625128061418079,
    "MAE": 0.07699167787472572,
    "R2": 0.999917418783339,
    "MAPE": 0.05277145925328516
}