{
    "Sebelum COVID": {
        "MSE": 0.29539120448792794,
        "MAE": 0.3570287720826218,
        "R2": 0.9969372425165706,
        "MAPE": 0.4942815977999209
    },
    "Selama COVID": {
        "MSE": 0.009625128061418079,
        "MAE": 0.07699167787472572,
        "R2": 0.999917418783339,
        "MAPE": 0.05277145925328516
    },
    "Setelah COVID": {
        "MSE": 0.09274529414314883,
        "MAE": 0.23768076554702458,
        "R2": 0.999529266949026,
        "MAPE": 0.11324221788705836
    },
    "Keseluruhan": {
        "MSE": 0.24603753253468366,
        "MAE": 0.46544337099533933,
        "R2": 0.9999126366443981,
        "MAPE": 0.6973753394405202
    }
}