{
    "MSE": 0.09274529414314883,
    "MAE": 0.23768076554702458,
    "R2": 0.999529266949026,
    "MAPE": 0.11324221788705836
}