{
    "MSE": 0.24603753253468366,
    "MAE": 0.46544337099533933,
    "R2": 0.9999126366443981,
    "MAPE": 0.6973753394405202
}