{
    "MSE": 1.1002631015749451,
    "MAE": 0.6609622785483312,
    "R2": 0.9997444886982958,
    "MAPE": 0.6211884041441101
}