{
    "Sebelum COVID": {
        "with_sentiment": {
            "MSE": 0.29539120448792794,
            "MAE": 0.3570287720826218,
            "R2": 0.9969372425165706,
            "MAPE": 0.4942815977999209
        },
        "without_sentiment": {
            "MSE": 0.4346117489768891,
            "MAE": 0.48264609949208565,
            "R2": 0.995493737232722,
            "MAPE": 0.6849654390334853
        }
    },
    "Selama COVID": {
        "with_sentiment": {
            "MSE": 0.009625128061418079,
            "MAE": 0.07699167787472572,
            "R2": 0.999917418783339,
            "MAPE": 0.05277145925328516
        },
        "without_sentiment": {
            "MSE": 0.8097934934859674,
            "MAE": 0.698998084888313,
            "R2": 0.9930521722402491,
            "MAPE": 0.48271468053338723
        }
    },
    "Setelah COVID": {
        "with_sentiment": {
            "MSE": 0.09274529414314904,
            "MAE": 0.23768076554702516,
            "R2": 0.999529266949026,
            "MAPE": 0.11324221788705863
        },
        "without_sentiment": {
            "MSE": 1.9195687234690264,
            "MAE": 0.9483759516740137,
            "R2": 0.9902571397276702,
            "MAPE": 0.45098777009776114
        }
    }
}