{
    "MSE": 0.3951380770683976,
    "MAE": 0.46550350772195465,
    "R2": 0.9959030191686746,
    "MAPE": 0.7112364119987865
}