{
    "MSE": 14.781205466022605,
    "MAE": 2.5423302167792445,
    "R2": 0.9249773046667478,
    "MAPE": 1.2192937513873874
}