{
    "Sebelum COVID": {
        "with_sentiment": {
            "MSE": 0.3951380770683977,
            "MAE": 0.46550350772195476,
            "R2": 0.9959030191686746,
            "MAPE": 0.7112364119987866
        },
        "without_sentiment": {
            "MSE": 0.38581510648321643,
            "MAE": 0.4621986147035049,
            "R2": 0.9959996841928653,
            "MAPE": 0.70911252592955
        }
    },
    "Selama COVID": {
        "with_sentiment": {
            "MSE": 6.317130263039806,
            "MAE": 2.016268453935458,
            "R2": 0.9458005857585082,
            "MAPE": 1.3897316287012786
        },
        "without_sentiment": {
            "MSE": 6.321778186005738,
            "MAE": 2.017732502711688,
            "R2": 0.9457607077297668,
            "MAPE": 1.3906829934177969
        }
    },
    "Setelah COVID": {
        "with_sentiment": {
            "MSE": 14.781205466022621,
            "MAE": 2.542330216779246,
            "R2": 0.9249773046667478,
            "MAPE": 1.2192937513873878
        },
        "without_sentiment": {
            "MSE": 15.256991425574956,
            "MAE": 2.5486901720113724,
            "R2": 0.9225624309157952,
            "MAPE": 1.2239530697634744
        }
    }
}