{
    "MSE": 0.09274529414314904,
    "MAE": 0.23768076554702516,
    "R2": 0.999529266949026,
    "MAPE": 0.11324221788705863
}