{
    "Keseluruhan": {
        "MSE": 1.1002631015749451,
        "MAE": 0.6609622785483312,
        "R2": 0.9997444886982958,
        "MAPE": 0.6211884041441101
    },
    "Sebelum COVID": {
        "MSE": 0.3951380770683976,
        "MAE": 0.46550350772195465,
        "R2": 0.9959030191686746,
        "MAPE": 0.7112364119987865
    },
    "Selama COVID": {
        "MSE": 6.317130263039806,
        "MAE": 2.016268453935458,
        "R2": 0.9458005857585082,
        "MAPE": 1.3897316287012786
    },
    "Setelah COVID": {
        "MSE": 14.781205466022605,
        "MAE": 2.5423302167792445,
        "R2": 0.9249773046667478,
        "MAPE": 1.2192937513873874
    }
}