{
    "MSE": 0.5027525800712228,
    "MAE": 0.4986232873412411,
    "R2": 0.9998057160334219,
    "MAPE": 0.5114318894506362
}