{
    "MSE": 0.39032486186807297,
    "MAE": 0.4579517329434135,
    "R2": 0.9935539825100531,
    "MAPE": 0.6809980310571736
}