{
    "MSE": 3.5244633056728305,
    "MAE": 1.5241699797191177,
    "R2": 0.9577882019567605,
    "MAPE": 0.8127975259687978
}