{
    "MSE": 6.349341911480478,
    "MAE": 2.018275656941551,
    "R2": 0.9456476702068446,
    "MAPE": 1.387831524812501
}