{
    "MSE": 0.24603753253468358,
    "MAE": 0.4654433709953393,
    "R2": 0.9999126366443981,
    "MAPE": 0.6973753394405202
}